"asv","Genus","transform_a","transform_b","importance_a","importance_b","diff","abs_diff","comparison","pair","rank"
"2d9a9d6012e671d8135cb2df734d9edd","Gemmatimonas","clr_0.5","clr_0.1",0.0153150512918391,0.00426866443831123,0.0110463868535278,0.0110463868535278,"pc = 0.5 − pc = 0.1","clr_0.5_clr_0.1",4
"b7a6de9f78e6c96910566ca3f2778318","Armatimonadaceae Family","clr_0.5","clr_0.1",0.0220072984494802,0.00684282315883059,0.0151644752906496,0.0151644752906496,"pc = 0.5 − pc = 0.1","clr_0.5_clr_0.1",1
"c4bfdac27a83e2361cd70c4f37cbeb51","Paludibaculum","clr_0.5","clr_0.1",0.017486777399574,0.00735266147943599,0.010134115920138,0.010134115920138,"pc = 0.5 − pc = 0.1","clr_0.5_clr_0.1",2
"649f026cd615015b1c0f8e760d309122","Luteimonas","clr_0.5","clr_0.1",0.0151846690316816,0.00637795595797027,0.00880671307371137,0.00880671307371137,"pc = 0.5 − pc = 0.1","clr_0.5_clr_0.1",5
"7a2f122fddae43a0010e633c008bc09b","Blfdi19 Order","clr_0.5","clr_0.1",0.0136277412899342,0.00494425261373771,0.00868348867619653,0.00868348867619653,"pc = 0.5 − pc = 0.1","clr_0.5_clr_0.1",7
"6fa14f70b44f6de870d45c0e905c45fe","Fimbriiglobus","clr_0.5","clr_0.1",0.0166426647115047,0.00931677457407369,0.00732589013743097,0.00732589013743097,"pc = 0.5 − pc = 0.1","clr_0.5_clr_0.1",3
"b44b7ef824cadcd24ea6fea45051a73e","Fimbriimonadaceae Family","clr_0.5","clr_0.1",0.0143785860018784,0.0132482994914493,0.00113028651042917,0.00113028651042917,"pc = 0.5 − pc = 0.1","clr_0.5_clr_0.1",6
"65d43491988bfe557da4d86a5ba25dae","Staphylococcus","clr_0.5","clr_0.1",0.0136033414557027,0.0164230223821806,-0.00281968092647788,0.00281968092647788,"pc = 0.5 − pc = 0.1","clr_0.5_clr_0.1",8
"cdc9eb301c1347f5753343884d1a5b41","mle1-27 Order","clr_0.5","clr_0.1",0.0130681137416275,0.015338931136212,-0.00227081739458449,0.00227081739458449,"pc = 0.5 − pc = 0.1","clr_0.5_clr_0.1",9
"66206d59214d8cc4ecb65a71e9350c9c","Phreatobacter","clr_0.5","clr_0.1",0.0129495463174473,0.0129126545437377,3.68917737096075e-05,3.68917737096075e-05,"pc = 0.5 − pc = 0.1","clr_0.5_clr_0.1",11
"5fa97937c087ce34a2c5ae09d617b9b1","Pedosphaeraceae Family","clr_0.5","clr_0.1",0.0130384728633903,0.0125480654573978,0.00049040740599254,0.00049040740599254,"pc = 0.5 − pc = 0.1","clr_0.5_clr_0.1",10
"15186d19694f00776956343942b4f186","Gloeobacter","clr_0.5","clr_0.1",0.00662792560368282,0.00585494971164201,0.000772975892040806,0.000772975892040806,"pc = 0.5 − pc = 0.1","clr_0.5_clr_0.1",57
"9a7f96749fc3614a624e31996bd7b4d4","Vermiphilaceae Family","clr_0.5","clr_0.1",0.012309038368923,0.0106793053096643,0.00162973305925873,0.00162973305925873,"pc = 0.5 − pc = 0.1","clr_0.5_clr_0.1",12
"5fb691caf53996697fc5745ffa6620ae","Lacibacter","clr_0.5","clr_0.1",0.0121700777937236,0.0114478009654277,0.000722276828295934,0.000722276828295934,"pc = 0.5 − pc = 0.1","clr_0.5_clr_0.1",13
"61c901297973162caaee28a638a3d9d9","Solirubrobacteraceae Family","clr_0.5","clr_0.1",0.00989961055584838,0.0107046204760922,-0.000805009920243854,0.000805009920243854,"pc = 0.5 − pc = 0.1","clr_0.5_clr_0.1",22
"34ec42044c0d886b375a356f164f6bd3","Methylorosula","clr_0.5","clr_0.1",0.0118434868561176,0.0110449172110817,0.00079856964503585,0.00079856964503585,"pc = 0.5 − pc = 0.1","clr_0.5_clr_0.1",15
"3067f2c7606dcdd91e7f2803033e82b7","Silvanigrellaceae Family","clr_0.5","clr_0.1",0.0113688989688434,0.0107826411067021,0.000586257862141322,0.000586257862141322,"pc = 0.5 − pc = 0.1","clr_0.5_clr_0.1",16
"de12a9a4b8be3995816194f3492ff412","Singulisphaera","clr_0.5","clr_0.1",0.0119177406530747,0.0116631148624091,0.00025462579066558,0.00025462579066558,"pc = 0.5 − pc = 0.1","clr_0.5_clr_0.1",14
"7303c7950d30d98f6084c7e1e4c54ea1","Nodosilinea","clr_0.5","clr_0.1",0.00814769942695148,0.000534174823578232,0.00761352460337325,0.00761352460337325,"pc = 0.5 − pc = 0.1","clr_0.5_clr_0.1",38
"63f6feb8129502afd0ea246b2fec0692","Rickettsiellaceae Family","clr_0.5","clr_0.1",0.0108687395391271,0.00811156716196631,0.00275717237716081,0.00275717237716081,"pc = 0.5 − pc = 0.1","clr_0.5_clr_0.1",18
"79cb0502666fb336451226c33970ec67","Chitinophagaceae Family","clr_0.5","clr_0.1",0.0101713455794769,0.010654004482088,-0.000482658902611028,0.000482658902611028,"pc = 0.5 − pc = 0.1","clr_0.5_clr_0.1",21
"9ed3e1edc621c9a94608480eb8b4351b","Pseudanabaena","clr_0.5","clr_0.1",0.00958997335162788,0.00747720529000997,0.00211276806161792,0.00211276806161792,"pc = 0.5 − pc = 0.1","clr_0.5_clr_0.1",25
"c91235968ea14ce60ae7e2fa8b3aadb4","Latescibacterota Phylum","clr_0.5","clr_0.1",0.0101932323088804,0.0116926892774228,-0.00149945696854235,0.00149945696854235,"pc = 0.5 − pc = 0.1","clr_0.5_clr_0.1",20
"bb286c96101b73e1bb46d5ff9b9da229","Polyangium","clr_0.5","clr_0.1",0.0093136230005038,0.00667039765304869,0.00264322534745511,0.00264322534745511,"pc = 0.5 − pc = 0.1","clr_0.5_clr_0.1",26
"b701af8d98ca714dab16ab6724bb631a","Galbitalea","clr_0.5","clr_0.1",0.00906077652001655,0.0105574337719008,-0.00149665725188424,0.00149665725188424,"pc = 0.5 − pc = 0.1","clr_0.5_clr_0.1",29
"328990122454db415c3696781e42778f","Phormidesmis","clr_0.5","clr_0.1",0.0102891056348053,0.00917464901795555,0.00111445661684978,0.00111445661684978,"pc = 0.5 − pc = 0.1","clr_0.5_clr_0.1",19
"3505278bbef674c198e14875912fa8e5","Nocardioides","clr_0.5","clr_0.1",0.00971539975849188,0.00851684318172616,0.00119855657676571,0.00119855657676571,"pc = 0.5 − pc = 0.1","clr_0.5_clr_0.1",23
"9e36c8c025b5170a2b5af14dc13bf3bf","Eremiobacteria Class","clr_0.5","clr_0.1",0.00872261203572629,0.00971819915446718,-0.000995587118740891,0.000995587118740891,"pc = 0.5 − pc = 0.1","clr_0.5_clr_0.1",33
"afc8be1bf12a273aee66a9cf23603a63","Acetobacteraceae Family","clr_0.5","clr_0.1",0.0096333561481209,0.0144787431958199,-0.00484538704769895,0.00484538704769895,"pc = 0.5 − pc = 0.1","clr_0.5_clr_0.1",24
"8c45d6dd71022de8cedfa07abbd65788","Tundrisphaera","clr_0.5","clr_0.1",0.00670338767218265,0.00551700300762787,0.00118638466455478,0.00118638466455478,"pc = 0.5 − pc = 0.1","clr_0.5_clr_0.1",56
"ec0f2c0dafb364dfe9e9044a2db5f8fc","IMCC26207","clr_0.5","clr_0.1",0.00905473409180127,0.00806832517890814,0.000986408912893134,0.000986408912893134,"pc = 0.5 − pc = 0.1","clr_0.5_clr_0.1",30
"170da4a26ca000e2245c8b471ff2fa71","NS9 marine group Family","clr_0.5","clr_0.1",0.0087415226190152,0.00946041435534962,-0.000718891736334428,0.000718891736334428,"pc = 0.5 − pc = 0.1","clr_0.5_clr_0.1",32
"89c76625e45ab0499f29cc2dc2beb69c","SL56 marine group Class","clr_0.5","clr_0.1",0.00878247489293707,0.00918143920258828,-0.000398964309651209,0.000398964309651209,"pc = 0.5 − pc = 0.1","clr_0.5_clr_0.1",31
"750dab93d926d40d7cd439faa6640f33","Haliscomenobacter","clr_0.5","clr_0.1",0.00844294731166426,0.00835400354579387,8.89437658703907e-05,8.89437658703907e-05,"pc = 0.5 − pc = 0.1","clr_0.5_clr_0.1",35
"df824eff77d1e1a62e26119a49a422de","Comamonadaceae Family","clr_0.5","clr_0.1",0.00706469999128764,0.008356576957319,-0.00129187696603136,0.00129187696603136,"pc = 0.5 − pc = 0.1","clr_0.5_clr_0.1",51
"c4e72b68a0138eb7ed4ec9390f496838","Luteolibacter","clr_0.5","clr_0.1",0.00913519437372509,0.00952167236832438,-0.000386477994599291,0.000386477994599291,"pc = 0.5 − pc = 0.1","clr_0.5_clr_0.1",28
"7edb4e0c95b9fecd08046d75a5195d5c","SM1A02","clr_0.5","clr_0.1",0.0078753555297633,0.00773795703070371,0.00013739849905959,0.00013739849905959,"pc = 0.5 − pc = 0.1","clr_0.5_clr_0.1",42
"2a4e8c5c2d9ffd70f271583b796168df","Dolichospermum","clr_0.5","clr_0.1",0.00814050730485828,0.00837766204865875,-0.000237154743800474,0.000237154743800474,"pc = 0.5 − pc = 0.1","clr_0.5_clr_0.1",39
"5f168ff910ef1f6dce37cfa68e82e8d0","Polymorphobacter","clr_0.5","clr_0.1",0.00833907883754768,0.00868202057679714,-0.000342941739249458,0.000342941739249458,"pc = 0.5 − pc = 0.1","clr_0.5_clr_0.1",36
"51a5955ebe58e2c36e26f6cfa32cbe22","Rhizobacter","clr_0.5","clr_0.1",0.00848109869029797,0.00921858022825589,-0.000737481537957918,0.000737481537957918,"pc = 0.5 − pc = 0.1","clr_0.5_clr_0.1",34
"6797a25a8dfdb4774d859b8844087411","Rhizobacter","clr_0.5","clr_0.1",0.00783242371273652,0.00881177690031518,-0.00097935318757866,0.00097935318757866,"pc = 0.5 − pc = 0.1","clr_0.5_clr_0.1",44
"7017030b94462f54ca0141f11f705833","Dankookia","clr_0.5","clr_0.1",0.00787163436201922,0.00825130831323595,-0.000379673951216726,0.000379673951216726,"pc = 0.5 − pc = 0.1","clr_0.5_clr_0.1",43
"a2196497d13e4a3bd4ed23e2d2fe702c","Flavobacterium","clr_0.5","clr_0.1",0.00816622122223328,0.0106785990372437,-0.00251237781501043,0.00251237781501043,"pc = 0.5 − pc = 0.1","clr_0.5_clr_0.1",37
"c1cc6b184d817c58b7c081b5665904cb","Regnicoccus","clr_0.5","clr_0.1",0.00718501438667329,0.00725441036112722,-6.93959744539315e-05,6.93959744539315e-05,"pc = 0.5 − pc = 0.1","clr_0.5_clr_0.1",49
"a6dd65fc8a794034ff7ebcd21aa0627d","Undibacterium","clr_0.5","clr_0.1",0.00808907862995098,0.00870758381023789,-0.00061850518028691,0.00061850518028691,"pc = 0.5 − pc = 0.1","clr_0.5_clr_0.1",40
"443cbb31543da9477f5472d3e3b7898d","Rickettsiaceae Family","clr_0.5","clr_0.1",0.00805150650596396,0.0113522128686021,-0.00330070636263811,0.00330070636263811,"pc = 0.5 − pc = 0.1","clr_0.5_clr_0.1",41
"d4531e60bc6de54c5eb09e54d2264553","Pirellula","clr_0.5","clr_0.1",0.00913935648341785,0.00830884830886873,0.000830508174549121,0.000830508174549121,"pc = 0.5 − pc = 0.1","clr_0.5_clr_0.1",27
"978c384ac0e388f780c925653b029d19","Haliangiaceae Family","clr_0.5","clr_0.1",0.00726013361395391,0.00764086827302127,-0.000380734659067353,0.000380734659067353,"pc = 0.5 − pc = 0.1","clr_0.5_clr_0.1",47
"51b9a2e379c2555a3774ef13e9aac08d","alphaI cluster","clr_0.5","clr_0.1",0.00717176546588365,0.00741066363244852,-0.000238898166564867,0.000238898166564867,"pc = 0.5 − pc = 0.1","clr_0.5_clr_0.1",50
"fb437033e226e6cda5fe9c3b74ef453f","Rhodovarius","clr_0.5","clr_0.1",0.00660437830767932,0.00613389253860942,0.0004704857690699,0.0004704857690699,"pc = 0.5 − pc = 0.1","clr_0.5_clr_0.1",58
"ff98ab846c8f29e5e5f5cce385b28a7b","R7C24 Order","clr_0.5","clr_0.1",0.00690000226862928,0.00621328841716853,0.000686713851460745,0.000686713851460745,"pc = 0.5 − pc = 0.1","clr_0.5_clr_0.1",52
"cad8cc3e7647d51e614b099398538e4d","Saprospiraceae Family","clr_0.5","clr_0.1",0.00724760541095377,0.00639341343080404,0.000854191980149722,0.000854191980149722,"pc = 0.5 − pc = 0.1","clr_0.5_clr_0.1",48
"6fc0afa4ca20c38dd455d90b8d8099ab","Hirschia","clr_0.5","clr_0.1",0.00620302376044916,0.00719298624637144,-0.000989962485922286,0.000989962485922286,"pc = 0.5 − pc = 0.1","clr_0.5_clr_0.1",65
"2bba1f8c49fb19b800398943a216a572","Bryobacter","clr_0.5","clr_0.1",0.00683628279418015,0.00977860441160195,-0.0029423216174218,0.0029423216174218,"pc = 0.5 − pc = 0.1","clr_0.5_clr_0.1",53
"7402c6fd98e177d4694261a9dd23eac6","Candidatus Berkiella","clr_0.5","clr_0.1",0.00683069608779026,0.00748727306725026,-0.000656576979459996,0.000656576979459996,"pc = 0.5 − pc = 0.1","clr_0.5_clr_0.1",55
"ce7deedd0f541b5286425938fcd6e413","Oligoflexaceae Family","clr_0.5","clr_0.1",0.00654311430899797,0.00435380407442325,0.00218931023457472,0.00218931023457472,"pc = 0.5 − pc = 0.1","clr_0.5_clr_0.1",60
"3078d0e997dde104f7d25c0dd9473003","Sandarakinorhabdus","clr_0.5","clr_0.1",0.00578777387409289,0.00676696546833477,-0.000979191594241882,0.000979191594241882,"pc = 0.5 − pc = 0.1","clr_0.5_clr_0.1",71
"67af8ea66a8349d04cd4bda199abe5da","Fimbriiglobus","clr_0.5","clr_0.1",0.00634578371980164,0.0068783913074279,-0.000532607587626263,0.000532607587626263,"pc = 0.5 − pc = 0.1","clr_0.5_clr_0.1",62
"768d500dec54c80d5ef769902dadd792","Fimbriiglobus","clr_0.5","clr_0.1",0.00606906653595405,0.0087650741813314,-0.00269600764537735,0.00269600764537735,"pc = 0.5 − pc = 0.1","clr_0.5_clr_0.1",67
"3a6e99903dd0d336c713866f52bd4244","Saprospiraceae Family","clr_0.5","clr_0.1",0.006235799981111,0.00686000145397559,-0.000624201472864587,0.000624201472864587,"pc = 0.5 − pc = 0.1","clr_0.5_clr_0.1",63
"37c9c05391818c7a6ffa38262321f5fc","CL500-29 marine group","clr_0.5","clr_0.1",0.00612493145903659,0.00754579460192194,-0.00142086314288535,0.00142086314288535,"pc = 0.5 − pc = 0.1","clr_0.5_clr_0.1",66
"ec1d103f66d06bf61cf3cf6d9bcf8e52","OM190 Class","clr_0.5","clr_0.1",0.00571645543702166,0.00464519204982101,0.00107126338720065,0.00107126338720065,"pc = 0.5 − pc = 0.1","clr_0.5_clr_0.1",72
"42c734e954e79fffc18510aabe34471b","OM27 clade","clr_0.5","clr_0.1",0.00683557147837953,0.00770755756417769,-0.000871986085798158,0.000871986085798158,"pc = 0.5 − pc = 0.1","clr_0.5_clr_0.1",54
"53e8389028f3821f782fbf4186e1ef22","SM1A02","clr_0.5","clr_0.1",0.00623189798401187,0.0059081559477291,0.000323742036282772,0.000323742036282772,"pc = 0.5 − pc = 0.1","clr_0.5_clr_0.1",64
"76a12bde0263c31c5275292cb5b1d6f2","Roseococcus","clr_0.5","clr_0.1",0.00492887796324203,0.00469706865664827,0.000231809306593759,0.000231809306593759,"pc = 0.5 − pc = 0.1","clr_0.5_clr_0.1",85
"1a44b9628088d4f47816066198670b8e","SM2D12 Family","clr_0.5","clr_0.1",0.00520068092545934,0.00690143280368339,-0.00170075187822406,0.00170075187822406,"pc = 0.5 − pc = 0.1","clr_0.5_clr_0.1",79
"0de2768e56408332050e94db50b132bc","Ilumatobacteraceae Family","clr_0.5","clr_0.1",0.00598886870140906,0.00552227206906799,0.000466596632341064,0.000466596632341064,"pc = 0.5 − pc = 0.1","clr_0.5_clr_0.1",68
"33e5681d81c11baedc5f46c7b394484c","Midichloriaceae Family","clr_0.5","clr_0.1",0.00639178766797441,0.00613325589815407,0.000258531769820341,0.000258531769820341,"pc = 0.5 − pc = 0.1","clr_0.5_clr_0.1",61
"6c561c59c84d61ce5f4036074028dbca","Bryobacter","clr_0.5","clr_0.1",0.00744103508627201,0.00179900797118306,0.00564202711508894,0.00564202711508894,"pc = 0.5 − pc = 0.1","clr_0.5_clr_0.1",45
"c27c683380e07dda90941851518bf036","Babeliales Order","clr_0.5","clr_0.1",0.00583861967577491,0.00681725098871301,-0.000978631312938107,0.000978631312938107,"pc = 0.5 − pc = 0.1","clr_0.5_clr_0.1",70
"9f391663c5a41de8935c4443d7625a3d","Rhodospirillales Order","clr_0.5","clr_0.1",0.00655982906961464,0.00491574345692095,0.0016440856126937,0.0016440856126937,"pc = 0.5 − pc = 0.1","clr_0.5_clr_0.1",59
"396cc69217c9a6fb253a45860cafee90","Fimbriiglobus","clr_0.5","clr_0.1",0.00550477184700353,0.00478240516129107,0.000722366685712452,0.000722366685712452,"pc = 0.5 − pc = 0.1","clr_0.5_clr_0.1",76
"9cdde29fca3a13e2e0f5d96088860c87","Nostoc","clr_0.5","clr_0.1",0.00542656835662125,0.00522617456286254,0.000200393793758705,0.000200393793758705,"pc = 0.5 − pc = 0.1","clr_0.5_clr_0.1",78
"8afb445ed3cdc963718ea8a09d66617b","Fimbriimonadaceae Family","clr_0.5","clr_0.1",0.00553152965358311,0.00479954980283286,0.000731979850750247,0.000731979850750247,"pc = 0.5 − pc = 0.1","clr_0.5_clr_0.1",75
"1e6c51b99d65fb93d42ad3ff651b5763","SM2D12 Family","clr_0.5","clr_0.1",0.00519566613429321,0.00497664768509408,0.000219018449199131,0.000219018449199131,"pc = 0.5 − pc = 0.1","clr_0.5_clr_0.1",80
"e0bf3607d3a5ccbac1a50f826a8e1d70","Pirellulaceae Family","clr_0.5","clr_0.1",0.00490754769060014,0.00485268021158579,5.48674790143439e-05,5.48674790143439e-05,"pc = 0.5 − pc = 0.1","clr_0.5_clr_0.1",86
"6815f1f2c2d38299f363940f8e312c3c","Deinococcaceae Family","clr_0.5","clr_0.1",0.00595003291588934,0.00791366175939945,-0.00196362884351012,0.00196362884351012,"pc = 0.5 − pc = 0.1","clr_0.5_clr_0.1",69
"06d00f760cc0e151c5d5e991c9034e10","SH3-11","clr_0.5","clr_0.1",0.00561528533464322,0.00530032514780991,0.000314960186833314,0.000314960186833314,"pc = 0.5 − pc = 0.1","clr_0.5_clr_0.1",73
"794fea1efb1825bf0a088dd1c923bca0","Candidatus Amoebophilus","clr_0.5","clr_0.1",0.00499433530743196,0.00309209782418951,0.00190223748324245,0.00190223748324245,"pc = 0.5 − pc = 0.1","clr_0.5_clr_0.1",84
"7334cc4e674b5e9d56db1a9081437f8f","Hyphomicrobium","clr_0.5","clr_0.1",0.00543978833428905,0.00735598654569337,-0.00191619821140433,0.00191619821140433,"pc = 0.5 − pc = 0.1","clr_0.5_clr_0.1",77
"ff66b771cf24ac801cd8e74b446791a6","CL500-29 marine group","clr_0.5","clr_0.1",0.00507332061909164,0.00356710307910969,0.00150621753998194,0.00150621753998194,"pc = 0.5 − pc = 0.1","clr_0.5_clr_0.1",82
"360106ff8200f47dee77f0f2e1d9f359","Hymenobacter","clr_0.5","clr_0.1",0.00473605830516074,0.00426408208408484,0.0004719762210759,0.0004719762210759,"pc = 0.5 − pc = 0.1","clr_0.5_clr_0.1",88
"fc24096138e3cf0b2775bd2b8e01b5b2","Deinococcus","clr_0.5","clr_0.1",0.00459265492604678,0.0021458371089306,0.00244681781711618,0.00244681781711618,"pc = 0.5 − pc = 0.1","clr_0.5_clr_0.1",90
"8d86c76119abb8cee5563d24dfd5019c","Sphingomonadaceae Family","clr_0.5","clr_0.1",0.00455539648228619,0.00422682265855707,0.000328573823729127,0.000328573823729127,"pc = 0.5 − pc = 0.1","clr_0.5_clr_0.1",91
"500fb8b8ee8585ac51166621f12ba6c1","Spirosomataceae Family","clr_0.5","clr_0.1",0.00488467555729688,0.00532641684857629,-0.000441741291279414,0.000441741291279414,"pc = 0.5 − pc = 0.1","clr_0.5_clr_0.1",87
"2593ef9eab12897237f8371e3a856adb","SM1A02","clr_0.5","clr_0.1",0.00446707285338576,0.00549213936823553,-0.00102506651484977,0.00102506651484977,"pc = 0.5 − pc = 0.1","clr_0.5_clr_0.1",92
"46df32bbd857e8288a2f65086e0fd1c4","Ideonella","clr_0.5","clr_0.1",0.0038230693108987,0.00458041007030375,-0.00075734075940505,0.00075734075940505,"pc = 0.5 − pc = 0.1","clr_0.5_clr_0.1",103
"254cd54eaf0e7301dc9d0c9e2dc53710","Nodosilineaceae Family","clr_0.5","clr_0.1",0.00419870498884961,0.00403470349887228,0.000164001489977325,0.000164001489977325,"pc = 0.5 − pc = 0.1","clr_0.5_clr_0.1",95
"5da845af2892f5c8fd8161364c7b4997","Sandarakinorhabdus","clr_0.5","clr_0.1",0.00409616027112661,0.00813429577640313,-0.00403813550527652,0.00403813550527652,"pc = 0.5 − pc = 0.1","clr_0.5_clr_0.1",98
"47c12b61c90c5033a1bb474f6c7ae154","LD29","clr_0.5","clr_0.1",0.00430342956678244,0.0035252341462658,0.000778195420516644,0.000778195420516644,"pc = 0.5 − pc = 0.1","clr_0.5_clr_0.1",93
"f4a774667177b16cb72b2efba954744e","Pirellulaceae Family","clr_0.5","clr_0.1",0.00376965354054498,0.00282058352012242,0.000949070020422561,0.000949070020422561,"pc = 0.5 − pc = 0.1","clr_0.5_clr_0.1",105
"48e44d7f0b561b30935a67c41c75101d","Chthoniobacter","clr_0.5","clr_0.1",0.00500530995188975,0.00884438625324227,-0.00383907630135252,0.00383907630135252,"pc = 0.5 − pc = 0.1","clr_0.5_clr_0.1",83
"ab6b7b90747341ce39f82d0a22a1d37d","Methylobacterium","clr_0.5","clr_0.1",0.00420988112186066,0.00780767322237162,-0.00359779210051096,0.00359779210051096,"pc = 0.5 − pc = 0.1","clr_0.5_clr_0.1",94
"27ec05c431a025fda07b2a8e37f2bf93","Fimbriiglobus","clr_0.5","clr_0.1",0.00413916550745184,0.00442912278717212,-0.000289957279720278,0.000289957279720278,"pc = 0.5 − pc = 0.1","clr_0.5_clr_0.1",97
"102fc16adc262f00c457357b35540be5","Rubinisphaeraceae Family","clr_0.5","clr_0.1",0.00402295829203498,0.00447763097063175,-0.000454672678596766,0.000454672678596766,"pc = 0.5 − pc = 0.1","clr_0.5_clr_0.1",99
"179e2e4ad12d2a505f12bf7110a80cde","Sphingomonadaceae Family","clr_0.5","clr_0.1",0.00402188735311104,0.00455863604865589,-0.000536748695544853,0.000536748695544853,"pc = 0.5 − pc = 0.1","clr_0.5_clr_0.1",100
"53835d1295531799bc64c8fd9b406ac2","Leptothrix","clr_0.5","clr_0.1",0.00395781973310097,0.0035743244831724,0.000383495249928566,0.000383495249928566,"pc = 0.5 − pc = 0.1","clr_0.5_clr_0.1",101
"3e125655918e305a3842a79b6972775f","Rhodovarius","clr_0.5","clr_0.1",0.00558179772307598,0.0151728852207361,-0.00959108749766008,0.00959108749766008,"pc = 0.5 − pc = 0.1","clr_0.5_clr_0.1",74
"bcba47620c299fd34809f143e3d26dff","Sphingomonas","clr_0.5","clr_0.1",0.00285299653807494,0.0024412937467891,0.000411702791285838,0.000411702791285838,"pc = 0.5 − pc = 0.1","clr_0.5_clr_0.1",119
"fb9358e4192b4e3fb1a6210327ee6ff2","Parablastomonas","clr_0.5","clr_0.1",0.00736709242384347,0.00668867308597572,0.000678419337867741,0.000678419337867741,"pc = 0.5 − pc = 0.1","clr_0.5_clr_0.1",46
"dc17a99d06059905b9fe7239b0b6072a","Gemmataceae Family","clr_0.5","clr_0.1",0.00370659769503983,0.000649033593056074,0.00305756410198375,0.00305756410198375,"pc = 0.5 − pc = 0.1","clr_0.5_clr_0.1",108
"58233cde931d4317c4aec4e9d3ad14f3","FukuN18 freshwater group","clr_0.5","clr_0.1",0.00358485723069128,0.00349838858698452,8.64686437067556e-05,8.64686437067556e-05,"pc = 0.5 − pc = 0.1","clr_0.5_clr_0.1",110
"214496ebb8360b204e3f3a03d8641287","P3OB-42","clr_0.5","clr_0.1",0.00471272480422523,0.00617658820882945,-0.00146386340460422,0.00146386340460422,"pc = 0.5 − pc = 0.1","clr_0.5_clr_0.1",89
"de2f81775998c151256d2a2b1ebaeee0","Rhodospirillales Order","clr_0.5","clr_0.1",0.00200892811440403,0.00196047171065392,4.8456403750112e-05,4.8456403750112e-05,"pc = 0.5 − pc = 0.1","clr_0.5_clr_0.1",137
"d922e28fdfb36aa671e51df99219225a","Leptothrix","clr_0.5","clr_0.1",0.00329113811816475,0.00112580235295127,0.00216533576521348,0.00216533576521348,"pc = 0.5 − pc = 0.1","clr_0.5_clr_0.1",112
"2563ceb7d15a84f5d59f225adc9b06a5","Rickettsiales Order","clr_0.5","clr_0.1",0.00414892069538373,0.00604134231959571,-0.00189242162421198,0.00189242162421198,"pc = 0.5 − pc = 0.1","clr_0.5_clr_0.1",96
"56d37d5bf0c2169e087e1488886eefde","Oxalobacteraceae Family","clr_0.5","clr_0.1",0.0038461117650486,0.00375334152443173,9.27702406168678e-05,9.27702406168678e-05,"pc = 0.5 − pc = 0.1","clr_0.5_clr_0.1",102
"396bbebd81d93d6c824d49cc652eb76a","Flavipsychrobacter","clr_0.5","clr_0.1",0.00359306865705873,0.0020057006111208,0.00158736804593793,0.00158736804593793,"pc = 0.5 − pc = 0.1","clr_0.5_clr_0.1",109
"92b48d9d2ebf3f4b0d153805997488d7","Rhodospirillales Order","clr_0.5","clr_0.1",0.00283332285179133,0.00587023460843155,-0.00303691175664022,0.00303691175664022,"pc = 0.5 − pc = 0.1","clr_0.5_clr_0.1",121
"ee2d56600bef5d134884d0354366d6e8","Paracaedibacteraceae Family","clr_0.5","clr_0.1",0.00285957830232414,0.00242039065133868,0.000439187650985461,0.000439187650985461,"pc = 0.5 − pc = 0.1","clr_0.5_clr_0.1",118
"36097ef26957ce4fdd7a71fe7f7cb7af","Candidatus-Obscuribacter","clr_0.5","clr_0.1",0.00376778314780499,0.00316278568677321,0.000604997461031779,0.000604997461031779,"pc = 0.5 − pc = 0.1","clr_0.5_clr_0.1",106
"c1c1dfe0cd247065dcc7160055106657","Rhodospirillales Order","clr_0.5","clr_0.1",0.0051258027028734,0.00671054183242766,-0.00158473912955427,0.00158473912955427,"pc = 0.5 − pc = 0.1","clr_0.5_clr_0.1",81
"5483883d288edbb58b4e3376b6dd87b1","Rhodovarius","clr_0.5","clr_0.1",0.0027242395158468,0.00516925518950522,-0.00244501567365842,0.00244501567365842,"pc = 0.5 − pc = 0.1","clr_0.5_clr_0.1",122
"0a4893b9a6062b1e61e27c920e0e38ca","Comamonadaceae Family","clr_0.5","clr_0.1",0.00287508193891414,0.0030958516706626,-0.000220769731748456,0.000220769731748456,"pc = 0.5 − pc = 0.1","clr_0.5_clr_0.1",117
"35e1bbfd3ea58cec02a0fedead1ce5ce","Stenomitos","clr_0.5","clr_0.1",0.00376471831340982,0.00483274047115156,-0.00106802215774174,0.00106802215774174,"pc = 0.5 − pc = 0.1","clr_0.5_clr_0.1",107
"84e1f74b7363f0321d0df8986283c5fa","Nannocystis","clr_0.5","clr_0.1",0.0028432671572137,0.00371663423217659,-0.000873367074962893,0.000873367074962893,"pc = 0.5 − pc = 0.1","clr_0.5_clr_0.1",120
"6ea9472deca150f97a7bcfe87126d9b9","Phreatobacter","clr_0.5","clr_0.1",0.00298981620495532,0.00268825586709221,0.000301560337863107,0.000301560337863107,"pc = 0.5 − pc = 0.1","clr_0.5_clr_0.1",116
"a61ee78f47a62b26743ab3e11ceccc41","Legionella","clr_0.5","clr_0.1",0.00260244305180877,0.004063461970108,-0.00146101891829923,0.00146101891829923,"pc = 0.5 − pc = 0.1","clr_0.5_clr_0.1",125
"d0c787f177dccc8f247649354da0273e","OM27 clade","clr_0.5","clr_0.1",0.00213699698725651,0.00519229182633776,-0.00305529483908125,0.00305529483908125,"pc = 0.5 − pc = 0.1","clr_0.5_clr_0.1",133
"55fba7b4dd6e9303c85c5a54e0251df2","Pirellulaceae Family","clr_0.5","clr_0.1",0.00335036988963844,0.00130840515069087,0.00204196473894757,0.00204196473894757,"pc = 0.5 − pc = 0.1","clr_0.5_clr_0.1",111
"79029fa983ec4eda60117a273a52cfc0","Caulobacter","clr_0.5","clr_0.1",0.00264789847719239,0.00591427589024493,-0.00326637741305253,0.00326637741305253,"pc = 0.5 − pc = 0.1","clr_0.5_clr_0.1",123
"54658c5cabc3c6c07f1e6556120cc99c","Rhizobacter","clr_0.5","clr_0.1",0.0025702897401322,0.00120477421260831,0.00136551552752388,0.00136551552752388,"pc = 0.5 − pc = 0.1","clr_0.5_clr_0.1",126
"2f0427c95f58bc8b33730d6bebc06828","SWB02","clr_0.5","clr_0.1",0.00240945677800562,0.00220514143738213,0.000204315340623493,0.000204315340623493,"pc = 0.5 − pc = 0.1","clr_0.5_clr_0.1",130
"f68c45909b99408dc34d145a2e374c45","alphaI cluster","clr_0.5","clr_0.1",0.00136526992044295,0.00157307648651291,-0.000207806566069954,0.000207806566069954,"pc = 0.5 − pc = 0.1","clr_0.5_clr_0.1",150
"d7df8a68ccfac5afb8ff817e0f532385","Pedosphaeraceae Family","clr_0.5","clr_0.1",0.00126356433522719,0.00055078018869924,0.000712784146527947,0.000712784146527947,"pc = 0.5 − pc = 0.1","clr_0.5_clr_0.1",152
"71ea54160cc86ce702cedff2acd9c71b","Microscillaceae Family","clr_0.5","clr_0.1",0.0020452946561625,0.00340275059534528,-0.00135745593918278,0.00135745593918278,"pc = 0.5 − pc = 0.1","clr_0.5_clr_0.1",134
"556c3d1034e2eec13db898aa075da658","Candidatus Jidaibacter","clr_0.5","clr_0.1",0.00247036435355147,0.00289618194923781,-0.000425817595686338,0.000425817595686338,"pc = 0.5 − pc = 0.1","clr_0.5_clr_0.1",128
"7148f89a064752c2b79f8b43fcfdf028","Rickettsiellaceae Family","clr_0.5","clr_0.1",0.00305054605905623,0.00297939540201821,7.1150657038025e-05,7.1150657038025e-05,"pc = 0.5 − pc = 0.1","clr_0.5_clr_0.1",113
"4078fc5ccccbf133e10b6bf4f6461c02","Pirellula","clr_0.5","clr_0.1",0.0110373863553201,0.001486102821677,0.00955128353364314,0.00955128353364314,"pc = 0.5 − pc = 0.1","clr_0.5_clr_0.1",17
"1e046bb4b737284bdbae0d7b21a6ddbe","Fibrisoma","clr_0.5","clr_0.1",0.00378181750301641,0.00398065969941531,-0.000198842196398896,0.000198842196398896,"pc = 0.5 − pc = 0.1","clr_0.5_clr_0.1",104
"129ef8665d470f7e31e3ddbdb6dd47b4","Oculatellaceae Family","clr_0.5","clr_0.1",0.00301439962174733,0.00247340433856173,0.000540995283185598,0.000540995283185598,"pc = 0.5 − pc = 0.1","clr_0.5_clr_0.1",115
"ea4317d7222c2b5526d500d503663459","Aphanizomenonaceae Family","clr_0.5","clr_0.1",0.00214737326763929,0.0020955774939066,5.17957737326985e-05,5.17957737326985e-05,"pc = 0.5 − pc = 0.1","clr_0.5_clr_0.1",132
"60c62612dc5338eb921aa2f7d765ae55","Cephaloticoccus","clr_0.5","clr_0.1",0.00219055418689219,0.00266371158946079,-0.000473157402568604,0.000473157402568604,"pc = 0.5 − pc = 0.1","clr_0.5_clr_0.1",131
"56483f8000e7a15a0ef8932e02cff7c4","Micavibrionales Order","clr_0.5","clr_0.1",0.00168959214526017,0.00198795614560465,-0.000298364000344483,0.000298364000344483,"pc = 0.5 − pc = 0.1","clr_0.5_clr_0.1",142
"ebb58c2ffbbb54748fa6385f9d3224df","Sphingomonadaceae Family","clr_0.5","clr_0.1",0.00204331156931175,0.00243610934324076,-0.000392797773929011,0.000392797773929011,"pc = 0.5 − pc = 0.1","clr_0.5_clr_0.1",135
"edb9c10a487ad4ace7c08ebe26d7145a","Bryobacter","clr_0.5","clr_0.1",0.00185673537429731,0.00132402493712641,0.000532710437170901,0.000532710437170901,"pc = 0.5 − pc = 0.1","clr_0.5_clr_0.1",140
"6d766f67b6bd03ae7d1de4c4fc15b47f","SM2D12 Family","clr_0.5","clr_0.1",0.00202695092005415,0.00187167050276277,0.000155280417291374,0.000155280417291374,"pc = 0.5 − pc = 0.1","clr_0.5_clr_0.1",136
"544ad0fe7ff864b6f888b8cde90ed6cc","Leptothrix","clr_0.5","clr_0.1",0.00131519844843528,5.75695435378677e-05,0.00125762890489741,0.00125762890489741,"pc = 0.5 − pc = 0.1","clr_0.5_clr_0.1",151
"9cde2373849523d28439507aa5411277","Haliscomenobacter","clr_0.5","clr_0.1",0.00189351179878854,0.0022955281962929,-0.000402016397504361,0.000402016397504361,"pc = 0.5 − pc = 0.1","clr_0.5_clr_0.1",139
"b20a5bb96396ea08495298fc1a90c26b","Parablastomonas","clr_0.5","clr_0.1",0.00100562240146771,9.2112691778977e-07,0.00100470127454992,0.00100470127454992,"pc = 0.5 − pc = 0.1","clr_0.5_clr_0.1",162
"fd4df754d86be49bd629a82ee124ae11","Comamonadaceae Family","clr_0.5","clr_0.1",0.00247031303816623,0.00341946775396739,-0.000949154715801156,0.000949154715801156,"pc = 0.5 − pc = 0.1","clr_0.5_clr_0.1",129
"38f0c358f69c2812f607221459e7dd9e","Microscillaceae Family","clr_0.5","clr_0.1",0.00164420163981081,0.00260749208061715,-0.000963290440806336,0.000963290440806336,"pc = 0.5 − pc = 0.1","clr_0.5_clr_0.1",144
"ad9cc38b5ccf51413138567ba4f60b42","Babeliales Order","clr_0.5","clr_0.1",0.00144702216771338,0.002671670592647,-0.00122464842493362,0.00122464842493362,"pc = 0.5 − pc = 0.1","clr_0.5_clr_0.1",148
"8f0fb68673a8b3c26f3fd210e29b7916","Clostridium","clr_0.5","clr_0.1",0.00161915050805326,0.00355432042062032,-0.00193516991256706,0.00193516991256706,"pc = 0.5 − pc = 0.1","clr_0.5_clr_0.1",145
"5c63b3749641851b368c8a181ddf1180","Xanthobacteraceae Family","clr_0.5","clr_0.1",0.00168372226535674,0.0030015781311034,-0.00131785586574667,0.00131785586574667,"pc = 0.5 − pc = 0.1","clr_0.5_clr_0.1",143
"2d2cfe3970153f65df6fb6d1a6da95cf","Chitinophagaceae Family","clr_0.5","clr_0.1",0.00155123149751243,0.00182208356352886,-0.000270852066016427,0.000270852066016427,"pc = 0.5 − pc = 0.1","clr_0.5_clr_0.1",147
"7558ae080e554f69632fa9f0078925a8","SM2D12 Family","clr_0.5","clr_0.1",0.000923632264655108,0.00080806679083448,0.000115565473820628,0.000115565473820628,"pc = 0.5 − pc = 0.1","clr_0.5_clr_0.1",167
"34b262693d693a0cbf5d81d87ea6cdc3","Zavarziniales Order","clr_0.5","clr_0.1",0.00142635239229372,0.00239611515372893,-0.000969762761435211,0.000969762761435211,"pc = 0.5 − pc = 0.1","clr_0.5_clr_0.1",149
"8d4b51998b3310a1e96483dae8166a38","Candidatus Ovatusbacter","clr_0.5","clr_0.1",0.00159749292145083,0.00183444426965059,-0.000236951348199755,0.000236951348199755,"pc = 0.5 − pc = 0.1","clr_0.5_clr_0.1",146
"508e4d4db7e2c0220a19fafa294e0670","Methylotenera","clr_0.5","clr_0.1",0.00190472493714497,0.00390760062957963,-0.00200287569243466,0.00200287569243466,"pc = 0.5 − pc = 0.1","clr_0.5_clr_0.1",138
"f04a2d7063257d451dee16f014b55e63","Snowella","clr_0.5","clr_0.1",0.0025125679877971,0.00533493379389376,-0.00282236580609666,0.00282236580609666,"pc = 0.5 − pc = 0.1","clr_0.5_clr_0.1",127
"482f65b152c5702150de2b27ea2c9521","Endobacter","clr_0.5","clr_0.1",0.00124528075820455,0.00216459872221085,-0.000919317964006301,0.000919317964006301,"pc = 0.5 − pc = 0.1","clr_0.5_clr_0.1",153
"69e49e83ce1d7c260ab365773d82ed94","Phreatobacter","clr_0.5","clr_0.1",0.00264534072550367,0.000337771687744247,0.00230756903775942,0.00230756903775942,"pc = 0.5 − pc = 0.1","clr_0.5_clr_0.1",124
"6376ea6dab7d0fde3cd66f53b57e1484","Pseudomonas","clr_0.5","clr_0.1",0.00121247978101418,0.00128490840393394,-7.24286229197631e-05,7.24286229197631e-05,"pc = 0.5 − pc = 0.1","clr_0.5_clr_0.1",154
"9b4645c464d957064aed5e31e37b75f9","Comamonadaceae Family","clr_0.5","clr_0.1",0.000529956632232706,0.000517173799259544,1.27828329731629e-05,1.27828329731629e-05,"pc = 0.5 − pc = 0.1","clr_0.5_clr_0.1",191
"33cd0c133837d614ac29262c17209759","Microscillaceae Family","clr_0.5","clr_0.1",0.00111031402372395,0.000688800581878185,0.000421513441845765,0.000421513441845765,"pc = 0.5 − pc = 0.1","clr_0.5_clr_0.1",156
"ab4793724d4650358e1d40f5cb713049","Pseudanabaena","clr_0.5","clr_0.1",0.00104770137217262,0.00493425325149126,-0.00388655187931863,0.00388655187931863,"pc = 0.5 − pc = 0.1","clr_0.5_clr_0.1",158
"134bdbaec661c28d109690d78b59214b","Saprospiraceae Family","clr_0.5","clr_0.1",0.0017475363333562,0.00105848290323976,0.000689053430116441,0.000689053430116441,"pc = 0.5 − pc = 0.1","clr_0.5_clr_0.1",141
"eddfa9460b8fe2df12344f6da501b116","Rhizobacter","clr_0.5","clr_0.1",0.000740797543689224,0.000445848138239283,0.000294949405449941,0.000294949405449941,"pc = 0.5 − pc = 0.1","clr_0.5_clr_0.1",175
"c24525e8eccad35e27387f77998cbd04","Paracaedibacteraceae Family","clr_0.5","clr_0.1",0.0010729972885898,0.000863493055757226,0.000209504232832573,0.000209504232832573,"pc = 0.5 − pc = 0.1","clr_0.5_clr_0.1",157
"bb7f85879d3368b4cb7312e19bddcd5c","Candidatus Paracaedibacter","clr_0.5","clr_0.1",0.00103626003355971,0.00101126489599543,2.49951375642778e-05,2.49951375642778e-05,"pc = 0.5 − pc = 0.1","clr_0.5_clr_0.1",160
"0da352d12778a23d94aef13982c319f4","Rickettsiaceae Family","clr_0.5","clr_0.1",0.00101225846113321,0.000259622639082312,0.000752635822050899,0.000752635822050899,"pc = 0.5 − pc = 0.1","clr_0.5_clr_0.1",161
"4c06bb79b0e22b616bf426c36315a839","Sumerlaea","clr_0.5","clr_0.1",0.0010039877434725,0.00148024741538179,-0.000476259671909286,0.000476259671909286,"pc = 0.5 − pc = 0.1","clr_0.5_clr_0.1",163
"dd0a8be594bd6d7f08121de2aa5df471","Anagnostidinema","clr_0.5","clr_0.1",0.0009584431580295,0.000790648588119858,0.000167794569909642,0.000167794569909642,"pc = 0.5 − pc = 0.1","clr_0.5_clr_0.1",165
"7ef48551cce7e0d840508208665333f5","Gemmatimonadaceae Family","clr_0.5","clr_0.1",0.00114654999974142,0.00111889461012901,2.76553896124069e-05,2.76553896124069e-05,"pc = 0.5 − pc = 0.1","clr_0.5_clr_0.1",155
"9b596b9eb067d0ee46fb12b98a26ca77","Pseudanabaena","clr_0.5","clr_0.1",0.000940729493583579,0.000642011570001401,0.000298717923582178,0.000298717923582178,"pc = 0.5 − pc = 0.1","clr_0.5_clr_0.1",166
"906a6d27477dd504345835ee5273a72c","Pirellula","clr_0.5","clr_0.1",0.000702941771738618,0.00236623886294907,-0.00166329709121045,0.00166329709121045,"pc = 0.5 − pc = 0.1","clr_0.5_clr_0.1",179
"ef944207e872617beee3d1d9405369af","Hyphomicrobiaceae Family","clr_0.5","clr_0.1",0.000906152852824948,0.000624573297496038,0.00028157955532891,0.00028157955532891,"pc = 0.5 − pc = 0.1","clr_0.5_clr_0.1",168
"5715ae257ea8de07cca43aa863484aa0","Saprospiraceae Family","clr_0.5","clr_0.1",0.000419732124393957,0.000207689326363476,0.000212042798030481,0.000212042798030481,"pc = 0.5 − pc = 0.1","clr_0.5_clr_0.1",196
"dfa55444de9e265475ced8f630cda4a2","Aurantisolimonas","clr_0.5","clr_0.1",0.000872272430943374,0.000770762157586871,0.000101510273356504,0.000101510273356504,"pc = 0.5 − pc = 0.1","clr_0.5_clr_0.1",169
"7a58a670654e91eb7bbbb340f5221038","Pseudanabaenaceae_X","clr_0.5","clr_0.1",0.000963266972230755,0.00165034326165494,-0.000687076289424189,0.000687076289424189,"pc = 0.5 − pc = 0.1","clr_0.5_clr_0.1",164
"76363618e6a55a0556fa9cdda32b9519","Ellin6067","clr_0.5","clr_0.1",0.000786468508155473,0.00378225997954013,-0.00299579147138466,0.00299579147138466,"pc = 0.5 − pc = 0.1","clr_0.5_clr_0.1",172
"51af2c92d5b41fee1ef860eb59eee9d7","Vulcanococcus","clr_0.5","clr_0.1",0.000756289487526846,0.000892797060943059,-0.000136507573416212,0.000136507573416212,"pc = 0.5 − pc = 0.1","clr_0.5_clr_0.1",173
"26915c3209ae35ef27dd02617e8d7d91","Sphingorhabdus","clr_0.5","clr_0.1",0.00104248398875391,0.00134025182284389,-0.000297767834089976,0.000297767834089976,"pc = 0.5 − pc = 0.1","clr_0.5_clr_0.1",159
"ef24d427e3b1d810ed78fd31347e4252","Acetobacteraceae Family","clr_0.5","clr_0.1",0.000733669595488814,0.000837220198026724,-0.000103550602537909,0.000103550602537909,"pc = 0.5 − pc = 0.1","clr_0.5_clr_0.1",176
"d597a051340ae987325f71bec5a48646","Polyangium","clr_0.5","clr_0.1",0.000745794615239371,0.000482246764881264,0.000263547850358107,0.000263547850358107,"pc = 0.5 − pc = 0.1","clr_0.5_clr_0.1",174
"0b3d627ed430a03782c59b859dab9d67","Rhodoferax","clr_0.5","clr_0.1",0.000384529686713513,0.000375254628228495,9.27505848501793e-06,9.27505848501793e-06,"pc = 0.5 − pc = 0.1","clr_0.5_clr_0.1",201
"7200c4bdfefe29961136146f9617dbd9","Microscillaceae Family","clr_0.5","clr_0.1",0.000728775912440159,0.000711197453756966,1.75784586831934e-05,1.75784586831934e-05,"pc = 0.5 − pc = 0.1","clr_0.5_clr_0.1",177
"1a9d57d26606ba207da37f78a8ff2c58","Pseudanabaena","clr_0.5","clr_0.1",0.00061751447131824,0.0042038272618497,-0.00358631279053146,0.00358631279053146,"pc = 0.5 − pc = 0.1","clr_0.5_clr_0.1",186
"0c3800224e14775f2abb6f91ff7450cf","Fimbriiglobus","clr_0.5","clr_0.1",0.000215864568094119,0.000360517511034783,-0.000144652942940664,0.000144652942940664,"pc = 0.5 − pc = 0.1","clr_0.5_clr_0.1",217
"0ea1dc2365236a4157aaae6a095fdfdd","Fibrella","clr_0.5","clr_0.1",0.000648282236845304,5.38566545166623e-05,0.000594425582328642,0.000594425582328642,"pc = 0.5 − pc = 0.1","clr_0.5_clr_0.1",184
"fd114ad6491bbfce6cc14cfaba316b67","Hyphomicrobiaceae Family","clr_0.5","clr_0.1",0.000632865565309537,0.00205064317982692,-0.00141777761451738,0.00141777761451738,"pc = 0.5 − pc = 0.1","clr_0.5_clr_0.1",185
"fc344c3d65897b11c8304a2bdf3d623e","Microbacteriaceae Family","clr_0.5","clr_0.1",0.000600341802988745,0.000751055143124923,-0.000150713340136177,0.000150713340136177,"pc = 0.5 − pc = 0.1","clr_0.5_clr_0.1",187
"73ab6d6608a93a7bc935f8048997c6fc","Rhodospirillales Order","clr_0.5","clr_0.1",0.000598492074163661,0.000875148512813727,-0.000276656438650066,0.000276656438650066,"pc = 0.5 − pc = 0.1","clr_0.5_clr_0.1",188
"fb2b00a8282741f54559c37f4ce69e20","Cyanobium","clr_0.5","clr_0.1",0.0005109290741414,0.000296520505227154,0.000214408568914246,0.000214408568914246,"pc = 0.5 − pc = 0.1","clr_0.5_clr_0.1",193
"0d7eacfd4c0aa8f5967e44aebcfea42f","Gemmata","clr_0.5","clr_0.1",0.000165050417181232,0.00135992105367042,-0.00119487063648919,0.00119487063648919,"pc = 0.5 − pc = 0.1","clr_0.5_clr_0.1",221
"0d9a85a8f16a66d5dc0e5eacea0c4d39","Candidatus Paracaedibacter","clr_0.5","clr_0.1",0.000555881087978887,0.000494155909127788,6.17251788510993e-05,6.17251788510993e-05,"pc = 0.5 − pc = 0.1","clr_0.5_clr_0.1",190
"af8f08828162de70db80a123f4d379ec","Gammaproteobacteria Class","clr_0.5","clr_0.1",0.000515227728978227,0.00089181235101201,-0.000376584622033783,0.000376584622033783,"pc = 0.5 − pc = 0.1","clr_0.5_clr_0.1",192
"93522be911c0a10ef2cabf936ee5d2b5","PeM15 Order","clr_0.5","clr_0.1",0.000489247551737868,0.000807631041852205,-0.000318383490114337,0.000318383490114337,"pc = 0.5 − pc = 0.1","clr_0.5_clr_0.1",194
"e7bf8b888611a3cd1b5c84cdcd76321f","Aggregatilineaceae Family","clr_0.5","clr_0.1",0.000821892792605931,0.00113358509391935,-0.000311692301313415,0.000311692301313415,"pc = 0.5 − pc = 0.1","clr_0.5_clr_0.1",171
"4066bd673ae4accaad3d8a94bcdb2d24","Microcystaceae Family","clr_0.5","clr_0.1",0.000415468256845774,0.000405446943761087,1.00213130846878e-05,1.00213130846878e-05,"pc = 0.5 − pc = 0.1","clr_0.5_clr_0.1",198
"ca274cac3782ce39f30b91a1ae9e19b8","Caulobacter","clr_0.5","clr_0.1",0.000722940765189416,0.00020073946191727,0.000522201303272146,0.000522201303272146,"pc = 0.5 − pc = 0.1","clr_0.5_clr_0.1",178
"5de27febf2c3146c05611c279e97767b","Cyanobium","clr_0.5","clr_0.1",0.000395692007650891,0.000161568951453841,0.00023412305619705,0.00023412305619705,"pc = 0.5 − pc = 0.1","clr_0.5_clr_0.1",200
"2bd79804ec25f3151f8ec3f31c842dd0","Rhodovarius","clr_0.5","clr_0.1",0.000700021936851191,7.55117579920705e-05,0.000624510178859121,0.000624510178859121,"pc = 0.5 − pc = 0.1","clr_0.5_clr_0.1",181
"d6c6e091960efb55e30fa71a4ebb16b1","CL500-29 marine group","clr_0.5","clr_0.1",6.5262431760759e-05,0.000854654821801553,-0.000789392390040794,0.000789392390040794,"pc = 0.5 − pc = 0.1","clr_0.5_clr_0.1",231
"fc7b257064027e1bc2b6fbfb4584677d","Piscinibacter","clr_0.5","clr_0.1",0.000337859485256156,0.000330190997852459,7.66848740369678e-06,7.66848740369678e-06,"pc = 0.5 − pc = 0.1","clr_0.5_clr_0.1",205
"bd9fb85fbc617c063ef39df89e371752","Fimbriimonadaceae Family","clr_0.5","clr_0.1",0.000404144420910314,0.00366444373521086,-0.00326029931430055,0.00326029931430055,"pc = 0.5 − pc = 0.1","clr_0.5_clr_0.1",199
"99be950acd04b1895e6a527e017fcfcc","Schlesneriaceae Family","clr_0.5","clr_0.1",0.00056901387912704,0.000518510173774647,5.05037053523927e-05,5.05037053523927e-05,"pc = 0.5 − pc = 0.1","clr_0.5_clr_0.1",189
"d74e073ecdeaccac7fc62dae8c532684","Acetobacteraceae Family","clr_0.5","clr_0.1",0.000310774251925032,0.00020879720108676,0.000101977050838272,0.000101977050838272,"pc = 0.5 − pc = 0.1","clr_0.5_clr_0.1",206
"ca61a8ea13943524f0f63090b66d787e","Planctopirus","clr_0.5","clr_0.1",0.000307790773935411,0.00045655060520076,-0.000148759831265349,0.000148759831265349,"pc = 0.5 − pc = 0.1","clr_0.5_clr_0.1",207
"d3530350480a2196e24a004fa0027558","Comamonadaceae Family","clr_0.5","clr_0.1",0.000344723252174069,0.000326415496547239,1.83077556268296e-05,1.83077556268296e-05,"pc = 0.5 − pc = 0.1","clr_0.5_clr_0.1",204
"3d5baff45729bf2214074c2e9f77ad10","Acinetobacter","clr_0.5","clr_0.1",0.000272651922020775,0.000187283029523916,8.53688924968596e-05,8.53688924968596e-05,"pc = 0.5 − pc = 0.1","clr_0.5_clr_0.1",208
"b05e5fdce9d1c40bb22414c1431ea80a","Hyphomicrobium","clr_0.5","clr_0.1",0.000128870837506228,0.000102702166803976,2.6168670702252e-05,2.6168670702252e-05,"pc = 0.5 − pc = 0.1","clr_0.5_clr_0.1",224
"c100666cd6c73b060c39549a6e31b798","Sediminibacterium","clr_0.5","clr_0.1",0.000255063873404657,0.000218527261348262,3.65366120563949e-05,3.65366120563949e-05,"pc = 0.5 − pc = 0.1","clr_0.5_clr_0.1",211
"62c61039659ab77c64267924fee58062","SM2D12 Family","clr_0.5","clr_0.1",0.000253545475342588,0.000242282086063996,1.12633892785923e-05,1.12633892785923e-05,"pc = 0.5 − pc = 0.1","clr_0.5_clr_0.1",212
"db28c3826c685c75e7d3d5e7de1474a5","Pedomicrobium","clr_0.5","clr_0.1",0.000244623512410054,2.58216267621596e-05,0.000218801885647895,0.000218801885647895,"pc = 0.5 − pc = 0.1","clr_0.5_clr_0.1",213
"e8d79105228061b51c142e647eec6c36","Candidatus Captivus","clr_0.5","clr_0.1",0.000236211000015021,0.000514202332861634,-0.000277991332846613,0.000277991332846613,"pc = 0.5 − pc = 0.1","clr_0.5_clr_0.1",214
"535d90a8b6d18e5de86b35a5dc0e769f","Oculatellaceae_XX","clr_0.5","clr_0.1",0.00066478062237992,0.000610987235006091,5.37933873738284e-05,5.37933873738284e-05,"pc = 0.5 − pc = 0.1","clr_0.5_clr_0.1",182
"cc363a9ccd3549e646859ab1ffe9d460","Sandaracinus","clr_0.5","clr_0.1",0.000230047324344708,0.0049818923888937,-0.00475184506454899,0.00475184506454899,"pc = 0.5 − pc = 0.1","clr_0.5_clr_0.1",215
"c453ebf9e2a74c4319a8c4da8f15e251","Gemmata","clr_0.5","clr_0.1",0.000224991333198835,8.38877774539632e-05,0.000141103555744871,0.000141103555744871,"pc = 0.5 − pc = 0.1","clr_0.5_clr_0.1",216
"7a34943a25778b88caa26212d23df1c9","Paludibaculum","clr_0.5","clr_0.1",0.000270725208927926,0.00132149207636233,-0.00105076686743441,0.00105076686743441,"pc = 0.5 − pc = 0.1","clr_0.5_clr_0.1",209
"55954ea021303330f19413b0882998fe","Rickettsiellaceae Family","clr_0.5","clr_0.1",0.000370037907760443,0.00141305043586486,-0.00104301252810442,0.00104301252810442,"pc = 0.5 − pc = 0.1","clr_0.5_clr_0.1",202
"27802da899201a0ce58d65877a284e0f","Anthocerotibacter","clr_0.5","clr_0.1",0.000650486871145099,0.00133216939303238,-0.000681682521887279,0.000681682521887279,"pc = 0.5 − pc = 0.1","clr_0.5_clr_0.1",183
"2f98cd1d4ed3112ff2bceffb6408476f","Hyphomicrobium","clr_0.5","clr_0.1",2.29484689315775e-05,0.000323674514977235,-0.000300726046045658,0.000300726046045658,"pc = 0.5 − pc = 0.1","clr_0.5_clr_0.1",235
"e234c0d07b0652afe259ec8b7d551ecb","P3OB-42","clr_0.5","clr_0.1",0.000193627425585935,0.000327239094939592,-0.000133611669353657,0.000133611669353657,"pc = 0.5 − pc = 0.1","clr_0.5_clr_0.1",218
"1d2e606796281040981e67f350b44a64","Telmatocola","clr_0.5","clr_0.1",0.000180077287457409,0.000175733728479516,4.34355897789297e-06,4.34355897789297e-06,"pc = 0.5 − pc = 0.1","clr_0.5_clr_0.1",219
"edb114398ced5bf958f4f404493a6642","Haliscomenobacter","clr_0.5","clr_0.1",0.000428920668172456,0.000467799047542641,-3.88783793701856e-05,3.88783793701856e-05,"pc = 0.5 − pc = 0.1","clr_0.5_clr_0.1",195
"0a773ec23d772b90f5c06258c6a4c659","Candidatus Nitrosoarchaeum","clr_0.5","clr_0.1",0.000133347801122446,0.00024887545013821,-0.000115527649015764,0.000115527649015764,"pc = 0.5 − pc = 0.1","clr_0.5_clr_0.1",223
"7103737162d2f1b8f90c0ed9364846b6","Pirellula","clr_0.5","clr_0.1",0.000117965323501337,2.14994413443094e-06,0.000115815379366906,0.000115815379366906,"pc = 0.5 − pc = 0.1","clr_0.5_clr_0.1",226
"4ece9bc18568cfaeb4b26ec23189b235","Candidatus Nomurabacteria Order","clr_0.5","clr_0.1",0.000831256956140422,0.000725483152852908,0.000105773803287514,0.000105773803287514,"pc = 0.5 − pc = 0.1","clr_0.5_clr_0.1",170
"315fae925226ac44af01d992c1732f74","Zavarzinella","clr_0.5","clr_0.1",8.35926276591701e-05,5.61147261760564e-05,2.74779014831137e-05,2.74779014831137e-05,"pc = 0.5 − pc = 0.1","clr_0.5_clr_0.1",228
"01255b0ddc21923e6857364b7e46bf36","Candidatus-Aurora","clr_0.5","clr_0.1",7.97828808943967e-05,1.84626089969678e-05,6.1320271897429e-05,6.1320271897429e-05,"pc = 0.5 − pc = 0.1","clr_0.5_clr_0.1",229
"949a525dcd53e0d62b3da8c15a35ac5e","Paludibacter","clr_0.5","clr_0.1",7.84565812467475e-05,0.000341683903131074,-0.000263227321884326,0.000263227321884326,"pc = 0.5 − pc = 0.1","clr_0.5_clr_0.1",230
"faa16231957f87bae62c66f794a67376","Hyphomicrobium","clr_0.5","clr_0.1",0.000257492602624423,0.000325453167913635,-6.79605652892117e-05,6.79605652892117e-05,"pc = 0.5 − pc = 0.1","clr_0.5_clr_0.1",210
"8600eaace3fdec4f4d5c4669474c7b19","Pegethrix","clr_0.5","clr_0.1",0.000165406654855102,0.00135177602315522,-0.00118636936830012,0.00118636936830012,"pc = 0.5 − pc = 0.1","clr_0.5_clr_0.1",220
"23e57d22717a53eea9963f3b2112655f","Acetobacteraceae Family","clr_0.5","clr_0.1",0.00014822195689081,0.00014547754352913,2.74441336168028e-06,2.74441336168028e-06,"pc = 0.5 − pc = 0.1","clr_0.5_clr_0.1",222
"32982af14a72d3056a596a476694b112","Armatimonadaceae Family","clr_0.5","clr_0.1",5.02478884283242e-05,0.000426860761248131,-0.000376612872819806,0.000376612872819806,"pc = 0.5 − pc = 0.1","clr_0.5_clr_0.1",233
"e193fca37f6107aebe91cc968fdcec83","Legionella","clr_0.5","clr_0.1",2.93564514986522e-05,2.86483584333554e-05,7.08093065296806e-07,7.08093065296806e-07,"pc = 0.5 − pc = 0.1","clr_0.5_clr_0.1",234
"3bd636495ea065c51147a06fef77565b","Paracaedibacteraceae Family","clr_0.5","clr_0.1",1.81740126412141e-05,7.28641193345981e-06,1.08876007077543e-05,1.08876007077543e-05,"pc = 0.5 − pc = 0.1","clr_0.5_clr_0.1",236
"1a131635c7cef07af21b4ec48465d88d","Parablastomonas","clr_0.5","clr_0.1",0.000417773702724527,2.94961298242096e-05,0.000388277572900318,0.000388277572900318,"pc = 0.5 − pc = 0.1","clr_0.5_clr_0.1",197
"b38fe94b163483eae343872c3e9860f0","Cylindrospermum","clr_0.5","clr_0.1",6.33852111694369e-05,6.1856326505924e-05,1.52888466351298e-06,1.52888466351298e-06,"pc = 0.5 − pc = 0.1","clr_0.5_clr_0.1",232
"5db99293e9b1fc0a4ffea5bfc8dad05a","Anthocerotibacter","clr_0.5","clr_0.1",0.000125735628455633,0.00192319379868637,-0.00179745817023073,0.00179745817023073,"pc = 0.5 − pc = 0.1","clr_0.5_clr_0.1",225
"7069712c1deee58d640df6a9cbe743dd","Polaromonas","clr_0.5","clr_0.1",0.000105727536697039,0.00197778402653436,-0.00187205648983732,0.00187205648983732,"pc = 0.5 − pc = 0.1","clr_0.5_clr_0.1",227
"68bc1a630da2bea58a29c24bcacffe3d","Pirellula","clr_0.5","clr_0.1",0.000356160080633885,0.000347569311983118,8.59076865076776e-06,8.59076865076776e-06,"pc = 0.5 − pc = 0.1","clr_0.5_clr_0.1",203
"726adcf2c36b8506b1618c939afc6308","Fimbriiglobus","clr_0.5","clr_0.1",0.000700943542320249,0.00068482451389728,1.61190284229689e-05,1.61190284229689e-05,"pc = 0.5 − pc = 0.1","clr_0.5_clr_0.1",180
"919f52074a986016c7e460883cbe1484","Rhodoferax","clr_0.5","clr_0.1",0.0030257679420624,0.00317374471242707,-0.000147976770364678,0.000147976770364678,"pc = 0.5 − pc = 0.1","clr_0.5_clr_0.1",114
